<?xml version="1.0" encoding="UTF-8"?>
<test-suite>
    <!--Array hop lc3tests by Wesley Cheung-->
	<test-case>
		<name>arrayhop(given1) == 4</name>
		<has-max-executions>1</has-max-executions>
		<max-executions>1000000</max-executions>
		<randomize>1</randomize>
		<input>
			<test-array><address>ARRAY2</address><value>2,1,3,0,-1,-1</value></test-array>
			<test-subr>
				<name>ARRAYHOP</name>
				<stack>xF000</stack>
				<r7>x5000</r7>
				<r5>xCAFE</r5>
				<params>mem[ARRAY2], 0</params>
			</test-subr>
		</input>
		<output>
			<test-subr>
				<answer>4</answer>
				<locals>2</locals>
				<points>
					<answer>1</answer>
					<params>1</params>
                    <locals>1</locals>
					<r7>1</r7>
					<r6>1</r6>
					<r5>1</r5>
				</points>
				<deductions-per-mistake>1</deductions-per-mistake>
			</test-subr>
		</output>
	</test-case>
	<test-case>
		<name>arrayhop(given2) == 5</name>
		<has-max-executions>1</has-max-executions>
		<max-executions>1000000</max-executions>
		<randomize>1</randomize>
		<input>
			<test-array><address>ARRAY2</address><value>1,1,1,3,0,-12,-2</value></test-array>
			<test-subr>
				<name>ARRAYHOP</name>
				<stack>xF000</stack>
				<r7>x5000</r7>
				<r5>xCAFE</r5>
				<params>mem[ARRAY2], 0</params>
			</test-subr>
		</input>
		<output>
			<test-subr>
				<answer>5</answer>
				<locals>1</locals>
				<points>
					<answer>1</answer>
					<params>1</params>
                    <locals>1</locals>
					<r7>1</r7>
					<r6>1</r6>
					<r5>1</r5>
				</points>
				<deductions-per-mistake>1</deductions-per-mistake>
			</test-subr>
		</output>
	</test-case>
	<test-case>
		<name>arrayhop(given2) == 5</name>
		<has-max-executions>1</has-max-executions>
		<max-executions>1000000</max-executions>
		<randomize>1</randomize>
		<input>
			<test-array><address>ARRAY2</address><value>5,1,0,-3,10,-1,5,20,2,3,1,-2,9,14,3,20,-2,-7,5,1,-18,-2</value></test-array>
			<test-subr>
				<name>ARRAYHOP</name>
				<stack>xF000</stack>
				<r7>x5000</r7>
				<r5>xCAFE</r5>
				<params>mem[ARRAY2], 0</params>
			</test-subr>
		</input>
		<output>
			<test-subr>
				<answer>12</answer>
				<locals>5</locals>
				<points>
					<answer>1</answer>
					<params>1</params>
                    <locals>1</locals>
					<r7>1</r7>
					<r6>1</r6>
					<r5>1</r5>
				</points>
				<deductions-per-mistake>1</deductions-per-mistake>
			</test-subr>
		</output>
	</test-case>
	<test-case>
		<name>arrayhop(recursionception) == 9</name>
		<has-max-executions>1</has-max-executions>
		<max-executions>1000000</max-executions>
		<randomize>1</randomize>
		<input>
			<test-array><address>ARRAY2</address><value>1,2,0,3,0,0,4,0,0,0,5,0,0,0,0,6,0,0,0,0,0,7,0,0,0,0,0,0,8,0,0,0,0,0,0,0,9,0,0,0,0,0,0,0,0,0,0</value></test-array>
			<test-subr>
				<name>ARRAYHOP</name>
				<stack>xF000</stack>
				<r7>x5000</r7>
				<r5>xCAFE</r5>
				<params>mem[ARRAY2], 0</params>
			</test-subr>
		</input>
		<output>
			<test-subr>
				<answer>9</answer>
				<locals>1</locals>
				<points>
					<answer>1</answer>
					<params>1</params>
                    <locals>1</locals>
					<r7>1</r7>
					<r6>1</r6>
					<r5>1</r5>
				</points>
				<deductions-per-mistake>1</deductions-per-mistake>
			</test-subr>
		</output>
	</test-case>
	<test-case>
		<name>arrayhop(countdown) == 10</name>
		<has-max-executions>1</has-max-executions>
		<max-executions>1000000</max-executions>
		<randomize>1</randomize>
		<input>
			<test-array><address>ARRAY2</address><value>10,8,6,4,2,0,-1,-3,-5,-7,-9</value></test-array>
			<test-subr>
				<name>ARRAYHOP</name>
				<stack>xF000</stack>
				<r7>x5000</r7>
				<r5>xCAFE</r5>
				<params>mem[ARRAY2], 0</params>
			</test-subr>
		</input>
		<output>
			<test-subr>
				<answer>10</answer>
				<locals>10</locals>
				<points>
					<answer>1</answer>
					<params>1</params>
                    <locals>1</locals>
					<r7>1</r7>
					<r6>1</r6>
					<r5>1</r5>
				</points>
				<deductions-per-mistake>1</deductions-per-mistake>
			</test-subr>
		</output>
	</test-case>
	<test-case>
		<name>arrayhop(edge) == 10</name>
		<has-max-executions>1</has-max-executions>
		<max-executions>1000000</max-executions>
		<randomize>1</randomize>
		<input>
			<test-array><address>ARRAY2</address><value>1,0</value></test-array>
			<test-subr>
				<name>ARRAYHOP</name>
				<stack>xF000</stack>
				<r7>x5000</r7>
				<r5>xCAFE</r5>
				<params>mem[ARRAY2], 0</params>
			</test-subr>
		</input>
		<output>
			<test-subr>
				<answer>1</answer>
				<locals>1</locals>
				<points>
					<answer>1</answer>
					<params>1</params>
                    <locals>1</locals>
					<r7>1</r7>
					<r6>1</r6>
					<r5>1</r5>
				</points>
				<deductions-per-mistake>1</deductions-per-mistake>
			</test-subr>
		</output>
	</test-case>
	<test-case>
		<name>arrayhop(100 jumps) == 100</name>
		<has-max-executions>1</has-max-executions>
		<max-executions>1000000</max-executions>
		<randomize>1</randomize>
		<input>
			<test-array><address>ARRAY2</address><value>1,1,1,1,1,1,1,1,1,1,1,1,1,1,1,1,1,1,1,1,1,1,1,1,1,1,1,1,1,1,1,1,1,1,1,1,1,1,1,1,1,1,1,1,1,1,1,1,1,1,1,1,1,1,1,1,1,1,1,1,1,1,1,1,1,1,1,1,1,1,1,1,1,1,1,1,1,1,1,1,1,1,1,1,1,1,1,1,1,1,1,1,1,1,1,1,1,1,1,1,0</value></test-array>
			<test-subr>
				<name>ARRAYHOP</name>
				<stack>xF000</stack>
				<r7>x5000</r7>
				<r5>xCAFE</r5>
				<params>mem[ARRAY2], 0</params>
			</test-subr>
		</input>
		<output>
			<test-subr>
				<answer>100</answer>
				<locals>1</locals>
				<points>
					<answer>1</answer>
					<params>1</params>
                    <locals>1</locals>
					<r7>1</r7>
					<r6>1</r6>
					<r5>1</r5>
				</points>
				<deductions-per-mistake>1</deductions-per-mistake>
			</test-subr>
		</output>
	</test-case>
</test-suite>