<?xml version="1.0" encoding="UTF-8"?>
<test-suite>
	<!--POWERS OF 2 TEST CASES BY BRANDON GIPSON-->
	<test-case>
		<name>powersOf2(0) == 1</name>
		<has-max-executions>1</has-max-executions>
		<max-executions>1000000</max-executions>
		<randomize>1</randomize>
		<input>
			<test-value><address>N</address><value>0</value></test-value>
			<test-subr>
				<name>POWERSOF2</name>
				<stack>xF000</stack>
				<r5>xCAFE</r5>
				<r7>x5000</r7>
				<params>MEM[N]</params>
			</test-subr>
		</input>
		<output>
			<test-subr>
				<answer>1</answer>
				<locals>0,0</locals>
			</test-subr>
		</output>
	</test-case>

	<test-case>
		<name>powersOf2(1) == 2</name>
		<has-max-executions>1</has-max-executions>
		<max-executions>1000000</max-executions>
		<randomize>1</randomize>
		<input>
			<test-value><address>N</address><value>1</value></test-value>
			<test-subr>
				<name>POWERSOF2</name>
				<stack>xF000</stack>
				<r5>xCAFE</r5>
				<r7>x5000</r7>
				<params>MEM[N]</params>
			</test-subr>
		</input>
		<output>
			<test-subr>
				<answer>2</answer>
				<locals>0,0</locals>
			</test-subr>
		</output>
	</test-case>

	<test-case>
		<name>powersOf2(2) == 4</name>
		<has-max-executions>1</has-max-executions>
		<max-executions>1000000</max-executions>
		<randomize>1</randomize>
		<input>
			<test-value><address>N</address><value>2</value></test-value>
			<test-subr>
				<name>POWERSOF2</name>
				<stack>xF000</stack>
				<r5>xCAFE</r5>
				<r7>x5000</r7>
				<params>MEM[N]</params>
			</test-subr>
		</input>
		<output>
			<test-subr>
				<answer>4</answer>
				<locals>2,1</locals>
			</test-subr>
		</output>
	</test-case>

	<test-case>
		<name>powersOf2(3) == 8</name>
		<has-max-executions>1</has-max-executions>
		<max-executions>1000000</max-executions>
		<randomize>1</randomize>
		<input>
			<test-value><address>N</address><value>3</value></test-value>
			<test-subr>
				<name>POWERSOF2</name>
				<stack>xF000</stack>
				<r5>xCAFE</r5>
				<r7>x5000</r7>
				<params>MEM[N]</params>
			</test-subr>
		</input>
		<output>
			<test-subr>
				<answer>8</answer>
				<locals>4,2</locals>
			</test-subr>
		</output>
	</test-case>

	<test-case>
		<name>powersOf2(4) == 16</name>
		<has-max-executions>1</has-max-executions>
		<max-executions>1000000</max-executions>
		<randomize>1</randomize>
		<input>
			<test-value><address>N</address><value>4</value></test-value>
			<test-subr>
				<name>POWERSOF2</name>
				<stack>xF000</stack>
				<r5>xCAFE</r5>
				<r7>x5000</r7>
				<params>MEM[N]</params>
			</test-subr>
		</input>
		<output>
			<test-subr>
				<answer>16</answer>
				<locals>8,4</locals>
			</test-subr>
		</output>
	</test-case>

	<test-case>
		<name>powersOf2(5) == 32</name>
		<has-max-executions>1</has-max-executions>
		<max-executions>1000000</max-executions>
		<randomize>1</randomize>
		<input>
			<test-value><address>N</address><value>5</value></test-value>
			<test-subr>
				<name>POWERSOF2</name>
				<stack>xF000</stack>
				<r5>xCAFE</r5>
				<r7>x5000</r7>
				<params>MEM[N]</params>
			</test-subr>
		</input>
		<output>
			<test-subr>
				<answer>32</answer>
				<locals>16,8</locals>
			</test-subr>
		</output>
	</test-case>

	<test-case>
		<name>powersOf2(6) == 64</name>
		<has-max-executions>1</has-max-executions>
		<max-executions>1000000</max-executions>
		<randomize>1</randomize>
		<input>
			<test-value><address>N</address><value>6</value></test-value>
			<test-subr>
				<name>POWERSOF2</name>
				<stack>xF000</stack>
				<r5>xCAFE</r5>
				<r7>x5000</r7>
				<params>MEM[N]</params>
			</test-subr>
		</input>
		<output>
			<test-subr>
				<answer>64</answer>
				<locals>32,16</locals>
			</test-subr>
		</output>
	</test-case>

	<test-case>
		<name>powersOf2(7) == 128</name>
		<has-max-executions>1</has-max-executions>
		<max-executions>1000000</max-executions>
		<randomize>1</randomize>
		<input>
			<test-value><address>N</address><value>7</value></test-value>
			<test-subr>
				<name>POWERSOF2</name>
				<stack>xF000</stack>
				<r5>xCAFE</r5>
				<r7>x5000</r7>
				<params>MEM[N]</params>
			</test-subr>
		</input>
		<output>
			<test-subr>
				<answer>128</answer>
				<locals>64,32</locals>
			</test-subr>
		</output>
	</test-case>

	<test-case>
		<name>powersOf2(8) == 256</name>
		<has-max-executions>1</has-max-executions>
		<max-executions>1000000</max-executions>
		<randomize>1</randomize>
		<input>
			<test-value><address>N</address><value>8</value></test-value>
			<test-subr>
				<name>POWERSOF2</name>
				<stack>xF000</stack>
				<r5>xCAFE</r5>
				<r7>x5000</r7>
				<params>MEM[N]</params>
			</test-subr>
		</input>
		<output>
			<test-subr>
				<answer>256</answer>
				<locals>128,64</locals>
			</test-subr>
		</output>
	</test-case>

	<test-case>
		<name>powersOf2(9) == 512</name>
		<has-max-executions>1</has-max-executions>
		<max-executions>1000000</max-executions>
		<randomize>1</randomize>
		<input>
			<test-value><address>N</address><value>9</value></test-value>
			<test-subr>
				<name>POWERSOF2</name>
				<stack>xF000</stack>
				<r5>xCAFE</r5>
				<r7>x5000</r7>
				<params>MEM[N]</params>
			</test-subr>
		</input>
		<output>
			<test-subr>
				<answer>512</answer>
				<locals>256,128</locals>
			</test-subr>
		</output>
	</test-case>

	<test-case>
		<name>powersOf2(10) == 1024</name>
		<has-max-executions>1</has-max-executions>
		<max-executions>1000000</max-executions>
		<randomize>1</randomize>
		<input>
			<test-value><address>N</address><value>10</value></test-value>
			<test-subr>
				<name>POWERSOF2</name>
				<stack>xF000</stack>
				<r5>xCAFE</r5>
				<r7>x5000</r7>
				<params>MEM[N]</params>
			</test-subr>
		</input>
		<output>
			<test-subr>
				<answer>1024</answer>
				<locals>512,256</locals>
			</test-subr>
		</output>
	</test-case>
</test-suite>