<?xml version="1.0" encoding="UTF-8"?>
<test-suite>
	<!--TWOTORIAL TEST CASES BY BRANDON GIPSON-->
	<test-case>
		<name>twotorial(4) == 6</name>
		<has-max-executions>1</has-max-executions>
		<max-executions>1000000</max-executions>
		<randomize>1</randomize>
		<input>
			<test-value><address>N</address><value>4</value></test-value>
			<test-subr>
				<name>TWOTORIAL</name>
				<stack>xF000</stack>
				<r7>x5000</r7>
				<r5>xCAFE</r5>
				<params>MEM[N]</params>
			</test-subr>
		</input>
		<output>
			<test-subr>
				<answer>6</answer>
			</test-subr>
		</output>
	</test-case>

	<test-case>
		<name>twotorial(6) == 12</name>
		<has-max-executions>1</has-max-executions>
		<max-executions>1000000</max-executions>
		<randomize>1</randomize>
		<input>
			<test-value><address>N</address><value>6</value></test-value>
			<test-subr>
				<name>TWOTORIAL</name>
				<stack>xF000</stack>
				<r7>x5000</r7>
				<r5>xCAFE</r5>
				<params>MEM[N]</params>
			</test-subr>
		</input>
		<output>
			<test-subr>
				<answer>12</answer>
			</test-subr>
		</output>
	</test-case>

	<test-case>
		<name>twotorial(5) == 9</name>
		<has-max-executions>1</has-max-executions>
		<max-executions>1000000</max-executions>
		<randomize>1</randomize>
		<input>
			<test-value><address>N</address><value>5</value></test-value>
			<test-subr>
				<name>TWOTORIAL</name>
				<stack>xF000</stack>
				<r7>x5000</r7>
				<r5>xCAFE</r5>
				<params>MEM[N]</params>
			</test-subr>
		</input>
		<output>
			<test-subr>
				<answer>9</answer>
			</test-subr>
		</output>
	</test-case>

	<test-case>
		<name>twotorial(8) == 20</name>
		<has-max-executions>1</has-max-executions>
		<max-executions>1000000</max-executions>
		<randomize>1</randomize>
		<input>
			<test-value><address>N</address><value>8</value></test-value>
			<test-subr>
				<name>TWOTORIAL</name>
				<stack>xF000</stack>
				<r7>x5000</r7>
				<r5>xCAFE</r5>
				<params>MEM[N]</params>
			</test-subr>
		</input>
		<output>
			<test-subr>
				<answer>20</answer>
			</test-subr>
		</output>
	</test-case>

	<test-case>
		<name>twotorial(9) == 25</name>
		<has-max-executions>1</has-max-executions>
		<max-executions>1000000</max-executions>
		<randomize>1</randomize>
		<input>
			<test-value><address>N</address><value>9</value></test-value>
			<test-subr>
				<name>TWOTORIAL</name>
				<stack>xF000</stack>
				<r7>x5000</r7>
				<r5>xCAFE</r5>
				<params>MEM[N]</params>
			</test-subr>
		</input>
		<output>
			<test-subr>
				<answer>25</answer>
			</test-subr>
		</output>
	</test-case>

	<test-case>
		<name>twotorial(10) == 30</name>
		<has-max-executions>1</has-max-executions>
		<max-executions>1000000</max-executions>
		<randomize>1</randomize>
		<input>
			<test-value><address>N</address><value>10</value></test-value>
			<test-subr>
				<name>TWOTORIAL</name>
				<stack>xF000</stack>
				<r7>x5000</r7>
				<r5>xCAFE</r5>
				<params>MEM[N]</params>
			</test-subr>
		</input>
		<output>
			<test-subr>
				<answer>30</answer>
			</test-subr>
		</output>
	</test-case>
	
	<test-case>
		<name>twotorial(11) == 36</name>
		<has-max-executions>1</has-max-executions>
		<max-executions>1000000</max-executions>
		<randomize>1</randomize>
		<input>
			<test-value><address>N</address><value>11</value></test-value>
			<test-subr>
				<name>TWOTORIAL</name>
				<stack>xF000</stack>
				<r7>x5000</r7>
				<r5>xCAFE</r5>
				<params>MEM[N]</params>
			</test-subr>
		</input>
		<output>
			<test-subr>
				<answer>36</answer>
			</test-subr>
		</output>
	</test-case>

	<test-case>
		<name>twotorial(12) == 42</name>
		<has-max-executions>1</has-max-executions>
		<max-executions>1000000</max-executions>
		<randomize>1</randomize>
		<input>
			<test-value><address>N</address><value>12</value></test-value>
			<test-subr>
				<name>TWOTORIAL</name>
				<stack>xF000</stack>
				<r7>x5000</r7>
				<r5>xCAFE</r5>
				<params>MEM[N]</params>
			</test-subr>
		</input>
		<output>
			<test-subr>
				<answer>42</answer>
			</test-subr>
		</output>
	</test-case>

	<test-case>
		<name>twotorial(13) == 49</name>
		<has-max-executions>1</has-max-executions>
		<max-executions>1000000</max-executions>
		<randomize>1</randomize>
		<input>
			<test-value><address>N</address><value>13</value></test-value>
			<test-subr>
				<name>TWOTORIAL</name>
				<stack>xF000</stack>
				<r7>x5000</r7>
				<r5>xCAFE</r5>
				<params>MEM[N]</params>
			</test-subr>
		</input>
		<output>
			<test-subr>
				<answer>49</answer>
			</test-subr>
		</output>
	</test-case>

	<test-case>
		<name>twotorial(14) == 56</name>
		<has-max-executions>1</has-max-executions>
		<max-executions>1000000</max-executions>
		<randomize>1</randomize>
		<input>
			<test-value><address>N</address><value>14</value></test-value>
			<test-subr>
				<name>TWOTORIAL</name>
				<stack>xF000</stack>
				<r7>x5000</r7>
				<r5>xCAFE</r5>
				<params>MEM[N]</params>
			</test-subr>
		</input>
		<output>
			<test-subr>
				<answer>56</answer>
			</test-subr>
		</output>
	</test-case>

	<test-case>
		<name>twotorial(15) == 64</name>
		<has-max-executions>1</has-max-executions>
		<max-executions>1000000</max-executions>
		<randomize>1</randomize>
		<input>
			<test-value><address>N</address><value>15</value></test-value>
			<test-subr>
				<name>TWOTORIAL</name>
				<stack>xF000</stack>
				<r7>x5000</r7>
				<r5>xCAFE</r5>
				<params>MEM[N]</params>
			</test-subr>
		</input>
		<output>
			<test-subr>
				<answer>64</answer>
			</test-subr>
		</output>
	</test-case>

	<test-case>
		<name>twotorial(16) == 72</name>
		<has-max-executions>1</has-max-executions>
		<max-executions>1000000</max-executions>
		<randomize>1</randomize>
		<input>
			<test-value><address>N</address><value>16</value></test-value>
			<test-subr>
				<name>TWOTORIAL</name>
				<stack>xF000</stack>
				<r7>x5000</r7>
				<r5>xCAFE</r5>
				<params>MEM[N]</params>
			</test-subr>
		</input>
		<output>
			<test-subr>
				<answer>72</answer>
			</test-subr>
		</output>
	</test-case>

	<test-case>
		<name>twotorial(17) == 81</name>
		<has-max-executions>1</has-max-executions>
		<max-executions>1000000</max-executions>
		<randomize>1</randomize>
		<input>
			<test-value><address>N</address><value>17</value></test-value>
			<test-subr>
				<name>TWOTORIAL</name>
				<stack>xF000</stack>
				<r7>x5000</r7>
				<r5>xCAFE</r5>
				<params>MEM[N]</params>
			</test-subr>
		</input>
		<output>
			<test-subr>
				<answer>81</answer>
			</test-subr>
		</output>
	</test-case>

	<test-case>
		<name>twotorial(18) == 90</name>
		<has-max-executions>1</has-max-executions>
		<max-executions>1000000</max-executions>
		<randomize>1</randomize>
		<input>
			<test-value><address>N</address><value>18</value></test-value>
			<test-subr>
				<name>TWOTORIAL</name>
				<stack>xF000</stack>
				<r7>x5000</r7>
				<r5>xCAFE</r5>
				<params>MEM[N]</params>
			</test-subr>
		</input>
		<output>
			<test-subr>
				<answer>90</answer>
			</test-subr>
		</output>
	</test-case>

	<test-case>
		<name>twotorial(19) == 100</name>
		<has-max-executions>1</has-max-executions>
		<max-executions>1000000</max-executions>
		<randomize>1</randomize>
		<input>
			<test-value><address>N</address><value>19</value></test-value>
			<test-subr>
				<name>TWOTORIAL</name>
				<stack>xF000</stack>
				<r7>x5000</r7>
				<r5>xCAFE</r5>
				<params>MEM[N]</params>
			</test-subr>
		</input>
		<output>
			<test-subr>
				<answer>100</answer>
			</test-subr>
		</output>
	</test-case>

	<test-case>
		<name>twotorial(20) == 110</name>
		<has-max-executions>1</has-max-executions>
		<max-executions>1000000</max-executions>
		<randomize>1</randomize>
		<input>
			<test-value><address>N</address><value>20</value></test-value>
			<test-subr>
				<name>TWOTORIAL</name>
				<stack>xF000</stack>
				<r7>x5000</r7>
				<r5>xCAFE</r5>
				<params>MEM[N]</params>
			</test-subr>
		</input>
		<output>
			<test-subr>
				<answer>110</answer>
			</test-subr>
		</output>
	</test-case>
</test-suite>